{
  "name": "three.js",
  "homepage": "http://threejs.org/",
  "description": "JavaScript 3D library",
  "main": "build/three.js",
  "keywords": [
    "three",
    "threejs",
    "three.js",
    "3D",
    "webgl"
  ],
  "license": "MIT",
  "ignore": [
    "**/.*",
    "*.md",
    "docs",
    "editor",
    "examples/*",
    "!examples/js",
    "src",
    "test",
    "utils",
    "LICENSE"
  ],
  "_release": "1f968fe32c",
  "_resolution": {
    "type": "branch",
    "branch": "master",
    "commit": "1f968fe32c49e81a471ce1acc73c002778aee795"
  },
  "_source": "git://github.com/mrdoob/three.js.git",
  "_target": "*",
  "_originalSource": "threejs",
  "_direct": true
}