{
  "name": "stats.js",
  "homepage": "https://github.com/mrdoob/stats.js",
  "description": "JavaScript Performance Monitor",
  "main": "build/stats.min.js",
  "keywords": [
    "stats",
    "statistics",
    "performance",
    "monitor",
    "fps"
  ],
  "license": "MIT",
  "ignore": [
    "examples",
    "src",
    "utils",
    "LICENSE"
  ],
  "_release": "6b5cba034e",
  "_resolution": {
    "type": "branch",
    "branch": "master",
    "commit": "6b5cba034e5a30941b01da3fa785da49338fa676"
  },
  "_source": "git://github.com/mrdoob/stats.js.git",
  "_target": "*",
  "_originalSource": "stats.js"
}